Genre,Code
Action,1
"Action, Adventure",2
"Action, Adventure, Animation, Comedy, Family",3
"Action, Adventure, Animation, Family",4
"Action, Adventure, Animation, Family, Comedy",5
"Action, Adventure, Animation, Fantasy, Science Fiction",6
"Action, Adventure, Animation, Science Fiction, Thriller",7
"Action, Adventure, Comedy",8
"Action, Adventure, Comedy, Crime, Family, Romance",9
"Action, Adventure, Comedy, Crime, Thriller",10
"Action, Adventure, Comedy, Drama, Mystery",11
"Action, Adventure, Comedy, Family",12
"Action, Adventure, Comedy, Family, Fantasy",13
"Action, Adventure, Comedy, Family, Fantasy, Science Fiction",14
"Action, Adventure, Comedy, Family, Science Fiction",15
"Action, Adventure, Comedy, Fantasy",16
"Action, Adventure, Comedy, Fantasy, Science Fiction",17
"Action, Adventure, Comedy, Science Fiction",18
"Action, Adventure, Comedy, Science Fiction, Western",19
"Action, Adventure, Comedy, Thriller",20
"Action, Adventure, Comedy, Western",21
"Action, Adventure, Crime",22
"Action, Adventure, Crime, Mystery",23
"Action, Adventure, Crime, Mystery, Thriller",24
"Action, Adventure, Crime, Science Fiction, Thriller",25
"Action, Adventure, Crime, Thriller",26
"Action, Adventure, Drama",27
"Action, Adventure, Drama, Family",28
"Action, Adventure, Drama, History, Romance, War",29
"Action, Adventure, Drama, History, War",30
"Action, Adventure, Drama, Romance",31
"Action, Adventure, Drama, Thriller",32
"Action, Adventure, Family, Comedy",33
"Action, Adventure, Family, Comedy, Science Fiction",34
"Action, Adventure, Fantasy",35
"Action, Adventure, Fantasy, Family",36
"Action, Adventure, Fantasy, Horror, Science Fiction, Thriller",37
"Action, Adventure, Fantasy, Romance",38
"Action, Adventure, Fantasy, Science Fiction",39
"Action, Adventure, Fantasy, Science Fiction, Comedy",40
"Action, Adventure, Fantasy, Science Fiction, Thriller",41
"Action, Adventure, Fantasy, War",42
"Action, Adventure, History, Romance, Drama",43
"Action, Adventure, Horror, Thriller",44
"Action, Adventure, Mystery, Science Fiction, Thriller",45
"Action, Adventure, Romance, Science Fiction, Thriller",46
"Action, Adventure, Science Fiction",47
"Action, Adventure, Science Fiction, Drama",48
"Action, Adventure, Science Fiction, Fantasy",49
"Action, Adventure, Science Fiction, Thriller",50
"Action, Adventure, Thriller",51
"Action, Adventure, Thriller, Crime",52
"Action, Adventure, Thriller, Science Fiction",53
"Action, Adventure, Thriller, War",54
"Action, Adventure, War",55
"Action, Adventure, Western",56
"Action, Animation, Comedy, Family",57
"Action, Animation, Comedy, Family, Adventure",58
"Action, Animation, Fantasy, Science Fiction",59
"Action, Animation, Science Fiction",60
"Action, Comedy",61
"Action, Comedy, Adventure",62
"Action, Comedy, Adventure, War",63
"Action, Comedy, Crime",64
"Action, Comedy, Crime, Drama",65
"Action, Comedy, Crime, Drama, Thriller",66
"Action, Comedy, Crime, Fantasy",67
"Action, Comedy, Crime, Mystery",68
"Action, Comedy, Crime, Romance",69
"Action, Comedy, Crime, Thriller",70
"Action, Comedy, Family",71
"Action, Comedy, Family, Adventure",72
"Action, Comedy, Fantasy",73
"Action, Comedy, Horror",74
"Action, Comedy, Horror, Thriller",75
"Action, Comedy, Romance",76
"Action, Comedy, Science Fiction",77
"Action, Comedy, Thriller",78
"Action, Comedy, Thriller, Crime, Mystery",79
"Action, Comedy, Thriller, Romance",80
"Action, Comedy, War",81
"Action, Comedy, Western, Crime",82
"Action, Crime",83
"Action, Crime, Adventure, Thriller",84
"Action, Crime, Comedy",85
"Action, Crime, Comedy, Thriller",86
"Action, Crime, Drama",87
"Action, Crime, Drama, History, Thriller",88
"Action, Crime, Drama, Thriller",89
"Action, Crime, Drama, Thriller, Mystery",90
"Action, Crime, Fantasy",91
"Action, Crime, Horror, Thriller",92
"Action, Crime, Mystery",93
"Action, Crime, Mystery, Science Fiction, Thriller",94
"Action, Crime, Mystery, Thriller",95
"Action, Crime, Romance",96
"Action, Crime, Science Fiction",97
"Action, Crime, Science Fiction, Thriller",98
"Action, Crime, Thriller",99
"Action, Crime, Thriller, Horror",100
"Action, Drama",101
"Action, Drama, Adventure",102
"Action, Drama, Crime",103
"Action, Drama, Crime, Thriller, Mystery",104
"Action, Drama, Fantasy",105
"Action, Drama, History",106
"Action, Drama, History, Thriller",107
"Action, Drama, History, War",108
"Action, Drama, Horror, Science Fiction, Thriller",109
"Action, Drama, Mystery",110
"Action, Drama, Mystery, Thriller",111
"Action, Drama, Mystery, Thriller, Crime",112
"Action, Drama, Romance",113
"Action, Drama, Science Fiction",114
"Action, Drama, Science Fiction, Thriller",115
"Action, Drama, Thriller",116
"Action, Drama, Thriller, Crime",117
"Action, Drama, Thriller, Romance",118
"Action, Drama, Thriller, War",119
"Action, Drama, War",120
"Action, Drama, War, History, Adventure",121
"Action, Drama, War, Romance, Thriller",122
"Action, Family, Drama",123
"Action, Fantasy",124
"Action, Fantasy, Adventure",125
"Action, Fantasy, Comedy",126
"Action, Fantasy, Horror",127
"Action, Fantasy, Horror, Mystery",128
"Action, Fantasy, Mystery, Crime",129
"Action, Fantasy, Science Fiction",130
"Action, Fantasy, Science Fiction, Adventure",131
"Action, Fantasy, Thriller",132
"Action, History, Adventure, Drama",133
"Action, History, Drama, War",134
"Action, History, War",135
"Action, Horror, Fantasy",136
"Action, Horror, Mystery, Science Fiction, Thriller",137
"Action, Horror, Science Fiction",138
"Action, Horror, Thriller",139
"Action, Mystery, Science Fiction",140
"Action, Mystery, Science Fiction, Thriller",141
"Action, Mystery, Thriller",142
"Action, Science Fiction",143
"Action, Science Fiction, Adventure",144
"Action, Science Fiction, Adventure, Comedy",145
"Action, Science Fiction, Adventure, Comedy, Family",146
"Action, Science Fiction, Adventure, Mystery",147
"Action, Science Fiction, Animation",148
"Action, Science Fiction, Comedy, Family",149
"Action, Science Fiction, Drama",150
"Action, Science Fiction, Fantasy",151
"Action, Science Fiction, Horror",152
"Action, Science Fiction, Thriller",153
"Action, Thriller",154
"Action, Thriller, Adventure",155
"Action, Thriller, Adventure, Crime",156
"Action, Thriller, Adventure, Science Fiction",157
"Action, Thriller, Comedy",158
"Action, Thriller, Comedy, Crime",159
"Action, Thriller, Crime",160
"Action, Thriller, Crime, Adventure",161
"Action, Thriller, Crime, Drama",162
"Action, Thriller, Crime, Mystery",163
"Action, Thriller, Drama",164
"Action, Thriller, Drama, Crime",165
"Action, Thriller, Horror",166
"Action, Thriller, Mystery",167
"Action, Thriller, Romance",168
"Action, Thriller, Science Fiction",169
"Action, Thriller, Science Fiction, Adventure",170
"Action, Thriller, Science Fiction, Crime, Horror",171
"Action, Thriller, Science Fiction, Horror",172
"Action, Thriller, Science Fiction, Mystery",173
"Action, Thriller, War",174
"Action, Thriller, War, Drama",175
"Action, War",176
"Action, War, History, Romance, Drama",177
"Action, Western, Drama, Fantasy, Thriller",178
Adventure,179
"Adventure, Action",180
"Adventure, Action, Animation",181
"Adventure, Action, Comedy",182
"Adventure, Action, Comedy, Fantasy",183
"Adventure, Action, Comedy, Romance",184
"Adventure, Action, Comedy, Thriller",185
"Adventure, Action, Comedy, Thriller, Crime",186
"Adventure, Action, Comedy, Western",187
"Adventure, Action, Crime, Mystery",188
"Adventure, Action, Crime, Thriller",189
"Adventure, Action, Drama",190
"Adventure, Action, Drama, Thriller",191
"Adventure, Action, Fantasy",192
"Adventure, Action, Fantasy, Science Fiction, Thriller, Romance, Animation",193
"Adventure, Action, Horror",194
"Adventure, Action, Horror, Science Fiction",195
"Adventure, Action, Science Fiction",196
"Adventure, Action, Thriller",197
"Adventure, Action, Thriller, Crime",198
"Adventure, Action, Thriller, Mystery",199
"Adventure, Action, Thriller, Science Fiction",200
"Adventure, Action, Western",201
"Adventure, Animation, Action, Comedy, Family",202
"Adventure, Animation, Comedy, Family",203
"Adventure, Animation, Comedy, Family, Fantasy",204
"Adventure, Animation, Comedy, Family, Music",205
"Adventure, Animation, Comedy, Fantasy",206
"Adventure, Animation, Drama, Family",207
"Adventure, Animation, Family",208
"Adventure, Animation, Family, Comedy, Science Fiction",209
"Adventure, Animation, Family, Fantasy, Science Fiction",210
"Adventure, Animation, Family, Romance",211
"Adventure, Animation, Fantasy, Family",212
"Adventure, Animation, Mystery",213
"Adventure, Comedy",214
"Adventure, Comedy, Animation, Family",215
"Adventure, Comedy, Crime",216
"Adventure, Comedy, Crime, Action, Thriller",217
"Adventure, Comedy, Crime, Science Fiction",218
"Adventure, Comedy, Drama",219
"Adventure, Comedy, Drama, Family, Fantasy",220
"Adventure, Comedy, Drama, Fantasy",221
"Adventure, Comedy, Drama, Romance",222
"Adventure, Comedy, Family",223
"Adventure, Comedy, Family, Animation",224
"Adventure, Comedy, Family, Fantasy",225
"Adventure, Comedy, Family, Fantasy, Science Fiction",226
"Adventure, Comedy, Family, Romance",227
"Adventure, Comedy, Fantasy",228
"Adventure, Comedy, Fantasy, Family",229
"Adventure, Comedy, Fantasy, Family, Horror",230
"Adventure, Comedy, History",231
"Adventure, Comedy, Music",232
"Adventure, Comedy, Romance",233
"Adventure, Comedy, Science Fiction",234
"Adventure, Crime, Drama, Thriller",235
"Adventure, Drama",236
"Adventure, Drama, Action",237
"Adventure, Drama, Action, History, War",238
"Adventure, Drama, Action, Romance",239
"Adventure, Drama, Action, Thriller",240
"Adventure, Drama, Comedy",241
"Adventure, Drama, Family",242
"Adventure, Drama, Family, Fantasy, Science Fiction, Action",243
"Adventure, Drama, Fantasy",244
"Adventure, Drama, History",245
"Adventure, Drama, History, War",246
"Adventure, Drama, Romance",247
"Adventure, Drama, Romance, War, Western",248
"Adventure, Drama, Science Fiction",249
"Adventure, Drama, Thriller",250
"Adventure, Drama, War",251
"Adventure, Drama, Western",252
"Adventure, Family, Action, Fantasy",253
"Adventure, Family, Animation, Action, Comedy",254
"Adventure, Family, Drama",255
"Adventure, Family, Drama, Comedy",256
"Adventure, Family, Fantasy",257
"Adventure, Family, Fantasy, Comedy, Romance",258
"Adventure, Family, Fantasy, Romance",259
"Adventure, Family, Fantasy, Science Fiction, Thriller, Action",260
"Adventure, Family, Mystery, Science Fiction",261
"Adventure, Fantasy",262
"Adventure, Fantasy, Action",263
"Adventure, Fantasy, Action, Comedy, Family",264
"Adventure, Fantasy, Action, Comedy, Science Fiction",265
"Adventure, Fantasy, Action, Comedy, Thriller",266
"Adventure, Fantasy, Action, Drama",267
"Adventure, Fantasy, Action, Thriller",268
"Adventure, Fantasy, Action, Thriller, Science Fiction",269
"Adventure, Fantasy, Action, Western, Thriller",270
"Adventure, Fantasy, Comedy",271
"Adventure, Fantasy, Comedy, Family",272
"Adventure, Fantasy, Drama",273
"Adventure, Fantasy, Drama, Action",274
"Adventure, Fantasy, Drama, Romance",275
"Adventure, Fantasy, Family",276
"Adventure, Fantasy, Family, Drama",277
"Adventure, Fantasy, Horror",278
"Adventure, Fantasy, Mystery",279
"Adventure, Fantasy, Romance, Family",280
"Adventure, Fantasy, Science Fiction, Family, Action",281
"Adventure, History, Action",282
"Adventure, History, Drama, Action, War",283
"Adventure, History, War, Action",284
"Adventure, Horror",285
"Adventure, Horror, Comedy",286
"Adventure, Horror, Thriller",287
"Adventure, Science Fiction",288
"Adventure, Science Fiction, Action",289
"Adventure, Science Fiction, Action, Horror",290
"Adventure, Science Fiction, Family, Fantasy",291
"Adventure, Thriller, Science Fiction",292
"Adventure, War, History, Action",293
"Animation, Action, Adventure, Comedy, Family",294
"Animation, Action, Adventure, Comedy, Family, Western",295
"Animation, Action, Adventure, Crime, Comedy, Family",296
"Animation, Action, Adventure, Family",297
"Animation, Action, Adventure, Family, Science Fiction",298
"Animation, Action, Adventure, Science Fiction",299
"Animation, Action, Comedy, Family",300
"Animation, Action, Comedy, Family, Science Fiction",301
"Animation, Action, Comedy, Science Fiction",302
"Animation, Action, Family, Science Fiction",303
"Animation, Action, Science Fiction, Adventure",304
"Animation, Action, Science Fiction, Family, Adventure",305
"Animation, Adventure, Comedy",306
"Animation, Adventure, Comedy, Family",307
"Animation, Adventure, Comedy, Family, Action, Fantasy",308
"Animation, Adventure, Comedy, Family, Fantasy",309
"Animation, Adventure, Family",310
"Animation, Adventure, Family, Comedy",311
"Animation, Adventure, Family, Fantasy",312
"Animation, Adventure, Family, Fantasy, Comedy",313
"Animation, Adventure, Family, Fantasy, Comedy, Action",314
"Animation, Adventure, Family, History, War",315
"Animation, Adventure, Family, Western",316
"Animation, Comedy",317
"Animation, Comedy, Adventure, Family",318
"Animation, Comedy, Adventure, Family, Science Fiction",319
"Animation, Comedy, Family",320
"Animation, Comedy, Family, Adventure",321
"Animation, Comedy, Family, Drama, Adventure",322
"Animation, Comedy, Family, Fantasy",323
"Animation, Comedy, Family, Fantasy, Horror",324
"Animation, Comedy, Family, Music",325
"Animation, Comedy, Family, Science Fiction",326
"Animation, Comedy, Family, Western, Adventure",327
"Animation, Comedy, Fantasy, Adventure, Family",328
"Animation, Drama",329
"Animation, Drama, Comedy, Horror, Fantasy",330
"Animation, Drama, Family",331
"Animation, Drama, Family, History",332
"Animation, Drama, Mystery, History",333
"Animation, Drama, Romance, Comedy",334
"Animation, Family",335
"Animation, Family, Adventure",336
"Animation, Family, Adventure, Comedy",337
"Animation, Family, Adventure, Comedy, Fantasy",338
"Animation, Family, Adventure, Comedy, Science Fiction",339
"Animation, Family, Adventure, Drama, Comedy",340
"Animation, Family, Adventure, Fantasy",341
"Animation, Family, Adventure, Fantasy, Comedy",342
"Animation, Family, Adventure, Fantasy, Romance",343
"Animation, Family, Adventure, Science Fiction",344
"Animation, Family, Comedy",345
"Animation, Family, Comedy, Adventure",346
"Animation, Family, Comedy, Adventure, Romance",347
"Animation, Family, Comedy, Fantasy",348
"Animation, Family, Comedy, Fantasy, Adventure, Romance",349
"Animation, Family, Comedy, Science Fiction, Adventure",350
"Animation, Family, Fantasy",351
"Animation, Family, Fantasy, Action, Adventure, Comedy",352
"Animation, Family, Fantasy, Adventure",353
"Animation, Family, Fantasy, Adventure, Comedy",354
"Animation, Family, Fantasy, Adventure, Comedy, Romance",355
"Animation, Family, Fantasy, Comedy",356
"Animation, Family, Fantasy, Comedy, Adventure, Mystery",357
"Animation, Family, Music",358
"Animation, Family, Romance, Comedy, Fantasy",359
"Animation, Fantasy, Science Fiction",360
"Animation, Science Fiction",361
"Animation, Science Fiction, Action",362
"Animation, Science Fiction, Adventure, Fantasy, Music",363
"Animation, Science Fiction, Thriller",364
Comedy,365
"Comedy, Action",366
"Comedy, Action, Adventure",367
"Comedy, Action, Adventure, Family, Romance",368
"Comedy, Action, Adventure, Fantasy",369
"Comedy, Action, Crime",370
"Comedy, Action, Science Fiction",371
"Comedy, Adventure",372
"Comedy, Adventure, Action",373
"Comedy, Adventure, Crime, Family",374
"Comedy, Adventure, Drama",375
"Comedy, Adventure, Family",376
"Comedy, Adventure, Family, Fantasy, Animation",377
"Comedy, Adventure, Fantasy, Animation, Family",378
"Comedy, Adventure, Fantasy, Science Fiction, Action",379
"Comedy, Adventure, Music, Family",380
"Comedy, Adventure, Romance",381
"Comedy, Animation, Adventure, Family",382
"Comedy, Animation, Adventure, Family, Fantasy",383
"Comedy, Animation, Family",384
"Comedy, Animation, Family, Action, Adventure",385
"Comedy, Crime",386
"Comedy, Crime, Action",387
"Comedy, Crime, Action, Drama",388
"Comedy, Crime, Drama",389
"Comedy, Crime, Drama, History",390
"Comedy, Crime, Drama, Mystery",391
"Comedy, Crime, Mystery",392
"Comedy, Crime, Romance",393
"Comedy, Crime, Science Fiction",394
"Comedy, Crime, Thriller",395
"Comedy, Crime, Thriller, Mystery, History",396
"Comedy, Documentary",397
"Comedy, Documentary, Action",398
"Comedy, Drama",399
"Comedy, Drama, Crime",400
"Comedy, Drama, Family",401
"Comedy, Drama, Family, Fantasy, Romance",402
"Comedy, Drama, Family, Music, Romance",403
"Comedy, Drama, Family, Music, Romance, TV Movie",404
"Comedy, Drama, Family, Romance",405
"Comedy, Drama, Fantasy",406
"Comedy, Drama, History",407
"Comedy, Drama, History, Adventure",408
"Comedy, Drama, Horror, Adventure",409
"Comedy, Drama, Music, Romance",410
"Comedy, Drama, Mystery",411
"Comedy, Drama, Romance",412
"Comedy, Drama, Romance, Adventure",413
"Comedy, Drama, Romance, Fantasy",414
"Comedy, Drama, Romance, Music",415
"Comedy, Drama, Science Fiction",416
"Comedy, Drama, Thriller",417
"Comedy, Drama, War",418
"Comedy, Family",419
"Comedy, Family, Action",420
"Comedy, Family, Adventure",421
"Comedy, Family, Adventure, Romance",422
"Comedy, Family, Animation, Adventure",423
"Comedy, Family, Animation, Fantasy, Music",424
"Comedy, Family, Drama, Fantasy",425
"Comedy, Family, Fantasy",426
"Comedy, Family, Fantasy, Animation",427
"Comedy, Family, Fantasy, Romance",428
"Comedy, Family, Music",429
"Comedy, Family, Romance",430
"Comedy, Family, Romance, Fantasy",431
"Comedy, Family, Science Fiction",432
"Comedy, Fantasy",433
"Comedy, Fantasy, Adventure",434
"Comedy, Fantasy, Animation, Romance, Adventure, Family",435
"Comedy, Fantasy, Family",436
"Comedy, Fantasy, Family, Music, Animation",437
"Comedy, Fantasy, Horror",438
"Comedy, Fantasy, Horror, Thriller",439
"Comedy, Fantasy, Romance",440
"Comedy, Fantasy, Science Fiction",441
"Comedy, Horror",442
"Comedy, Horror, Fantasy",443
"Comedy, Horror, Romance",444
"Comedy, Horror, Science Fiction",445
"Comedy, Horror, Thriller",446
"Comedy, Music",447
"Comedy, Music, Drama",448
"Comedy, Music, Family",449
"Comedy, Music, Romance",450
"Comedy, Music, Romance, Drama",451
"Comedy, Mystery, Crime, Adventure, Family",452
"Comedy, Romance",453
"Comedy, Romance, Crime",454
"Comedy, Romance, Drama",455
"Comedy, Romance, Drama, Family",456
"Comedy, Romance, Drama, Family, Music",457
"Comedy, Romance, Family",458
"Comedy, Romance, Fantasy",459
"Comedy, Romance, Horror",460
"Comedy, Romance, Science Fiction",461
"Comedy, Science Fiction",462
"Comedy, Science Fiction, Action",463
"Comedy, Science Fiction, Action, Adventure",464
"Comedy, Science Fiction, Adventure",465
"Comedy, Science Fiction, Adventure, Family",466
"Comedy, Science Fiction, Romance",467
"Comedy, Thriller, Crime",468
"Comedy, War",469
"Comedy, War, Drama",470
"Comedy, Western",471
Crime,472
"Crime, Action, Comedy",473
"Crime, Action, Comedy, Thriller",474
"Crime, Action, Drama",475
"Crime, Action, Drama, Thriller",476
"Crime, Action, Science Fiction",477
"Crime, Action, Thriller",478
"Crime, Adventure, Action, Comedy, Thriller",479
"Crime, Comedy",480
"Crime, Comedy, Action",481
"Crime, Comedy, Action, Adventure",482
"Crime, Comedy, Adventure",483
"Crime, Comedy, Romance",484
"Crime, Drama",485
"Crime, Drama, Action",486
"Crime, Drama, Action, Thriller",487
"Crime, Drama, Comedy",488
"Crime, Drama, Family",489
"Crime, Drama, History",490
"Crime, Drama, History, Romance",491
"Crime, Drama, History, Thriller",492
"Crime, Drama, Horror, Thriller",493
"Crime, Drama, Mystery",494
"Crime, Drama, Mystery, Thriller",495
"Crime, Drama, Mystery, Thriller, Action",496
"Crime, Drama, Romance",497
"Crime, Drama, Romance, Mystery, Thriller",498
"Crime, Drama, Romance, Thriller",499
"Crime, Drama, Thriller",500
"Crime, Drama, Thriller, Action",501
"Crime, Drama, Thriller, Mystery",502
"Crime, Drama, Western",503
"Crime, Family, Comedy, Mystery",504
"Crime, Fantasy, Drama",505
"Crime, Fantasy, Horror, Thriller",506
"Crime, Horror, Mystery",507
"Crime, Mystery, Thriller",508
"Crime, Mystery, Thriller, Action",509
"Crime, Thriller",510
"Crime, Thriller, Action",511
"Crime, Thriller, Action, Drama",512
"Crime, Thriller, Action, Mystery",513
"Crime, Thriller, Drama",514
"Crime, Thriller, Horror, Drama",515
"Crime, Thriller, Mystery",516
"Crime, Thriller, Mystery, Comedy",517
Documentary,518
"Documentary, Music",519
Drama,520
"Drama, Action",521
"Drama, Action, Adventure, History, War",522
"Drama, Action, Comedy",523
"Drama, Action, Crime, Thriller",524
"Drama, Action, Fantasy",525
"Drama, Action, History",526
"Drama, Action, History, Thriller",527
"Drama, Action, Romance",528
"Drama, Action, Thriller",529
"Drama, Action, Thriller, Crime",530
"Drama, Action, Thriller, Science Fiction",531
"Drama, Action, War",532
"Drama, Adventure",533
"Drama, Adventure, Action, History",534
"Drama, Adventure, History",535
"Drama, Adventure, Romance, Thriller",536
"Drama, Adventure, Science Fiction",537
"Drama, Adventure, Science Fiction, Romance",538
"Drama, Adventure, Western",539
"Drama, Animation, Family",540
"Drama, Animation, Family, Comedy",541
"Drama, Comedy",542
"Drama, Comedy, Crime",543
"Drama, Comedy, Family",544
"Drama, Comedy, Fantasy",545
"Drama, Comedy, Music",546
"Drama, Comedy, Mystery",547
"Drama, Comedy, Romance",548
"Drama, Comedy, Romance, Fantasy",549
"Drama, Comedy, Romance, Music",550
"Drama, Comedy, Thriller",551
"Drama, Comedy, Thriller, Romance",552
"Drama, Crime",553
"Drama, Crime, Action",554
"Drama, Crime, History",555
"Drama, Crime, Music",556
"Drama, Crime, Mystery, Thriller",557
"Drama, Crime, Romance",558
"Drama, Crime, Thriller",559
"Drama, Family",560
"Drama, Family, Comedy, Action",561
"Drama, Family, Fantasy",562
"Drama, Family, Music, Romance",563
"Drama, Family, Romance",564
"Drama, Family, Romance, Music",565
"Drama, Fantasy",566
"Drama, Fantasy, Comedy",567
"Drama, Fantasy, Horror",568
"Drama, Fantasy, Horror, Mystery, Romance, Thriller",569
"Drama, Fantasy, Horror, Romance",570
"Drama, Fantasy, Romance",571
"Drama, Fantasy, Romance, Science Fiction",572
"Drama, Fantasy, Thriller, Mystery, Horror",573
"Drama, History",574
"Drama, History, Adventure",575
"Drama, History, Crime",576
"Drama, History, Crime, Thriller",577
"Drama, History, Crime, Thriller, Action",578
"Drama, History, Music",579
"Drama, History, Romance",580
"Drama, History, Thriller",581
"Drama, History, War",582
"Drama, History, War, Action",583
"Drama, History, War, Thriller, Mystery",584
"Drama, Horror",585
"Drama, Horror, Mystery",586
"Drama, Horror, Mystery, Thriller",587
"Drama, Horror, Science Fiction",588
"Drama, Horror, Science Fiction, Thriller",589
"Drama, Horror, TV Movie",590
"Drama, Horror, Thriller",591
"Drama, Horror, Thriller, Science Fiction",592
"Drama, Music",593
"Drama, Music, History",594
"Drama, Music, Mystery, Romance",595
"Drama, Music, Romance",596
"Drama, Music, TV Movie",597
"Drama, Mystery",598
"Drama, Mystery, Comedy",599
"Drama, Mystery, Crime",600
"Drama, Mystery, Romance",601
"Drama, Mystery, Romance, Thriller",602
"Drama, Mystery, Science Fiction",603
"Drama, Mystery, Science Fiction, Thriller",604
"Drama, Mystery, Thriller",605
"Drama, Mystery, Thriller, Crime",606
"Drama, Mystery, Thriller, Fantasy",607
"Drama, Mystery, Thriller, Romance",608
"Drama, Mystery, Western",609
"Drama, Romance",610
"Drama, Romance, Comedy",611
"Drama, Romance, Comedy, Music",612
"Drama, Romance, Crime",613
"Drama, Romance, Fantasy",614
"Drama, Romance, History",615
"Drama, Romance, Horror",616
"Drama, Romance, Science Fiction",617
"Drama, Romance, Thriller",618
"Drama, Romance, War",619
"Drama, Romance, Western",620
"Drama, Science Fiction",621
"Drama, Science Fiction, Horror",622
"Drama, Science Fiction, Mystery",623
"Drama, Science Fiction, Romance",624
"Drama, Science Fiction, Thriller",625
"Drama, Science Fiction, War",626
"Drama, Thriller",627
"Drama, Thriller, Action",628
"Drama, Thriller, Action, Adventure",629
"Drama, Thriller, Comedy",630
"Drama, Thriller, Crime",631
"Drama, Thriller, Crime, Mystery",632
"Drama, Thriller, Crime, Romance",633
"Drama, Thriller, History",634
"Drama, Thriller, History, War",635
"Drama, Thriller, Horror",636
"Drama, Thriller, Mystery",637
"Drama, Thriller, Mystery, Crime",638
"Drama, Thriller, Mystery, War",639
"Drama, Thriller, Science Fiction",640
"Drama, Thriller, Science Fiction, Mystery",641
"Drama, Thriller, War",642
"Drama, War",643
"Drama, War, Action",644
"Drama, War, History",645
"Drama, War, History, Adventure, Romance",646
"Drama, War, Mystery",647
"Drama, Western",648
"Drama, Western, Adventure, Action",649
"Family, Action, Adventure, Animation, Comedy, Science Fiction",650
"Family, Action, Adventure, Comedy",651
"Family, Action, Comedy",652
"Family, Adventure, Action, Comedy",653
"Family, Adventure, Animation, Comedy",654
"Family, Adventure, Animation, Comedy, Fantasy",655
"Family, Adventure, Animation, Drama",656
"Family, Adventure, Comedy, Fantasy",657
"Family, Adventure, Comedy, Fantasy, Action, Animation",658
"Family, Adventure, Comedy, Fantasy, Animation",659
"Family, Adventure, Comedy, Romance",660
"Family, Adventure, Drama",661
"Family, Adventure, Drama, Fantasy",662
"Family, Adventure, Fantasy",663
"Family, Adventure, Fantasy, Romance, Drama",664
"Family, Animation",665
"Family, Animation, Action, Adventure, Comedy",666
"Family, Animation, Adventure",667
"Family, Animation, Adventure, Comedy",668
"Family, Animation, Adventure, Comedy, Fantasy",669
"Family, Animation, Adventure, Comedy, Fantasy, Action",670
"Family, Animation, Adventure, Comedy, War",671
"Family, Animation, Adventure, Fantasy",672
"Family, Animation, Comedy",673
"Family, Animation, Comedy, Adventure",674
"Family, Animation, Comedy, Crime",675
"Family, Animation, Comedy, Fantasy",676
"Family, Animation, Comedy, Fantasy, Horror",677
"Family, Animation, Comedy, Science Fiction",678
"Family, Animation, Drama",679
"Family, Animation, Fantasy, Action, Adventure",680
"Family, Animation, Fantasy, Adventure, Comedy",681
"Family, Animation, Fantasy, Adventure, Comedy, Music",682
"Family, Animation, Fantasy, Music, Comedy, Adventure",683
"Family, Animation, Music",684
"Family, Animation, Music, Adventure, Fantasy",685
"Family, Animation, Romance",686
"Family, Animation, Science Fiction, Drama",687
"Family, Comedy",688
"Family, Comedy, Action",689
"Family, Comedy, Adventure",690
"Family, Comedy, Adventure, Action, Science Fiction",691
"Family, Comedy, Adventure, Animation, Fantasy",692
"Family, Comedy, Adventure, Crime",693
"Family, Comedy, Adventure, Fantasy",694
"Family, Comedy, Animation",695
"Family, Comedy, Animation, Adventure",696
"Family, Comedy, Drama, Romance",697
"Family, Comedy, Fantasy",698
"Family, Drama",699
"Family, Drama, Comedy",700
"Family, Drama, Music",701
"Family, Fantasy, Adventure",702
"Family, Fantasy, Adventure, Action",703
"Family, Fantasy, Adventure, Drama",704
"Family, Fantasy, Animation, Romance",705
"Family, Fantasy, Comedy",706
"Family, Fantasy, Comedy, Adventure",707
"Family, Fantasy, Drama, Adventure",708
"Family, Fantasy, Romance",709
"Family, Fantasy, Science Fiction, Adventure, Comedy",710
"Family, Fantasy, TV Movie, Comedy",711
"Family, Music, TV Movie, Comedy",712
"Family, Romance, Comedy",713
"Family, TV Movie, Fantasy, Romance",714
Fantasy,715
"Fantasy, Action",716
"Fantasy, Action, Adventure",717
"Fantasy, Action, Adventure, Animation, Comedy, Family",718
"Fantasy, Action, Adventure, Drama",719
"Fantasy, Action, Adventure, Family",720
"Fantasy, Action, Comedy",721
"Fantasy, Action, Comedy, Crime",722
"Fantasy, Action, Crime",723
"Fantasy, Action, Drama",724
"Fantasy, Action, Horror",725
"Fantasy, Action, Mystery",726
"Fantasy, Action, Science Fiction",727
"Fantasy, Action, Thriller",728
"Fantasy, Action, Thriller, Horror",729
"Fantasy, Action, Thriller, Science Fiction",730
"Fantasy, Adventure",731
"Fantasy, Adventure, Action",732
"Fantasy, Adventure, Action, Family, Romance",733
"Fantasy, Adventure, Animation, Comedy, Family",734
"Fantasy, Adventure, Animation, Family",735
"Fantasy, Adventure, Family",736
"Fantasy, Adventure, Family, Action",737
"Fantasy, Animation, Drama, Romance, Family",738
"Fantasy, Animation, Science Fiction, Family",739
"Fantasy, Comedy",740
"Fantasy, Comedy, Adventure",741
"Fantasy, Comedy, Animation, Science Fiction, Family",742
"Fantasy, Comedy, Drama",743
"Fantasy, Comedy, Family",744
"Fantasy, Comedy, Family, Adventure",745
"Fantasy, Comedy, Family, Romance",746
"Fantasy, Comedy, Romance",747
"Fantasy, Comedy, Romance, Science Fiction",748
"Fantasy, Drama",749
"Fantasy, Drama, Comedy, Family",750
"Fantasy, Drama, Comedy, Romance, Family",751
"Fantasy, Drama, Crime",752
"Fantasy, Drama, Horror, Action, Thriller, Science Fiction",753
"Fantasy, Drama, Romance",754
"Fantasy, Drama, Thriller, Mystery, Romance",755
"Fantasy, Drama, Thriller, Romance",756
"Fantasy, Family",757
"Fantasy, Family, Comedy",758
"Fantasy, Family, Comedy, Animation",759
"Fantasy, Horror, Action",760
"Fantasy, Horror, Action, Adventure",761
"Fantasy, Horror, Adventure, Action",762
"Fantasy, Horror, Comedy",763
"Fantasy, Horror, Mystery",764
"Fantasy, Horror, Thriller",765
"Fantasy, Horror, Thriller, Drama",766
"Fantasy, Mystery, Thriller",767
"Fantasy, Romance",768
"Fantasy, Romance, Comedy",769
"Fantasy, Romance, Family, Comedy",770
"Fantasy, Science Fiction, Adventure",771
"Fantasy, Thriller, Action, Adventure, Horror",772
"Fantasy, Thriller, Action, Crime",773
"Fantasy, Thriller, Horror",774
"History, Drama",775
"History, Drama, Adventure",776
"History, Drama, Mystery, Thriller",777
"History, Drama, Thriller, Crime, Mystery",778
"History, Drama, Thriller, War",779
"History, Drama, War, Action",780
"History, Music, Drama",781
"History, Romance",782
"History, Romance, Drama",783
"History, War, Drama, Adventure",784
Horror,785
"Horror, Action",786
"Horror, Action, Drama, Fantasy, War",787
"Horror, Action, Fantasy",788
"Horror, Action, Science Fiction",789
"Horror, Action, Thriller",790
"Horror, Action, Thriller, Crime",791
"Horror, Action, Thriller, Fantasy",792
"Horror, Action, Thriller, Science Fiction",793
"Horror, Adventure, Action",794
"Horror, Comedy",795
"Horror, Comedy, Action, Science Fiction",796
"Horror, Comedy, Action, Science Fiction, Thriller",797
"Horror, Comedy, Fantasy",798
"Horror, Comedy, Romance",799
"Horror, Comedy, Thriller",800
"Horror, Crime",801
"Horror, Crime, Mystery, Thriller",802
"Horror, Crime, Thriller",803
"Horror, Drama",804
"Horror, Drama, Adventure",805
"Horror, Drama, Fantasy",806
"Horror, Drama, Mystery",807
"Horror, Drama, Science Fiction",808
"Horror, Drama, Thriller",809
"Horror, Drama, Thriller, Mystery",810
"Horror, Fantasy",811
"Horror, Fantasy, Action",812
"Horror, Fantasy, Adventure, Mystery, Action",813
"Horror, History, Drama, Thriller",814
"Horror, Mystery",815
"Horror, Mystery, Comedy",816
"Horror, Mystery, Science Fiction",817
"Horror, Mystery, Thriller",818
"Horror, Mystery, Thriller, Drama, Fantasy",819
"Horror, Romance",820
"Horror, Science Fiction",821
"Horror, Science Fiction, Action",822
"Horror, Science Fiction, Action, Adventure",823
"Horror, Science Fiction, Comedy",824
"Horror, Science Fiction, Mystery",825
"Horror, Science Fiction, Mystery, Action",826
"Horror, Science Fiction, Mystery, Thriller",827
"Horror, Science Fiction, Thriller",828
"Horror, Science Fiction, Thriller, Mystery",829
"Horror, Thriller",830
"Horror, Thriller, Action",831
"Horror, Thriller, Adventure",832
"Horror, Thriller, Comedy",833
"Horror, Thriller, Crime",834
"Horror, Thriller, Fantasy",835
"Horror, Thriller, Fantasy, Mystery",836
"Horror, Thriller, Mystery",837
"Horror, Thriller, Science Fiction",838
"Horror, War, Science Fiction",839
"Music, Comedy, Action",840
"Music, Comedy, Action, Crime",841
"Music, Comedy, Family, Fantasy, Drama",842
"Music, Drama",843
"Music, Drama, Comedy",844
"Music, Drama, History",845
"Music, Drama, Romance",846
"Music, Drama, Romance, Crime",847
Mystery,848
"Mystery, Adventure, Comedy",849
"Mystery, Adventure, Comedy, Crime",850
"Mystery, Adventure, Comedy, Romance, Drama",851
"Mystery, Adventure, Crime",852
"Mystery, Comedy, Crime",853
"Mystery, Drama, Crime, Thriller, Action, Adventure",854
"Mystery, Drama, Romance",855
"Mystery, Drama, Thriller",856
"Mystery, Drama, Thriller, Crime, Action",857
"Mystery, Fantasy, Adventure, Comedy",858
"Mystery, Horror",859
"Mystery, Horror, Action",860
"Mystery, Science Fiction",861
"Mystery, Science Fiction, Drama, Romance, Fantasy, Thriller",862
"Mystery, Science Fiction, Thriller",863
"Mystery, Thriller",864
"Mystery, Thriller, Action",865
"Mystery, Thriller, Crime",866
"Mystery, Thriller, Drama",867
"Mystery, Thriller, Drama, Action",868
"Mystery, Thriller, Drama, Horror",869
"Mystery, Thriller, Horror",870
Romance,871
"Romance, Adventure, Action, History",872
"Romance, Adventure, Science Fiction, Drama",873
"Romance, Comedy",874
"Romance, Comedy, Crime",875
"Romance, Comedy, Crime, Drama",876
"Romance, Comedy, Crime, Fantasy",877
"Romance, Comedy, Drama",878
"Romance, Comedy, Fantasy",879
"Romance, Comedy, Music",880
"Romance, Crime, Drama",881
"Romance, Drama",882
"Romance, Drama, Action",883
"Romance, Drama, Comedy",884
"Romance, Drama, Family",885
"Romance, Drama, Fantasy",886
"Romance, Drama, History",887
"Romance, Drama, Music",888
"Romance, Drama, Mystery",889
"Romance, Drama, Thriller, Crime",890
"Romance, Family, Animation",891
"Romance, Family, Animation, Fantasy",892
"Romance, Fantasy, Animation",893
"Romance, Fantasy, Drama",894
"Romance, Fantasy, Drama, Comedy",895
"Romance, Fantasy, Family, Drama",896
"Romance, History, Comedy",897
"Romance, Horror",898
"Romance, Horror, Comedy, Thriller",899
"Romance, Science Fiction, Drama",900
"Romance, Science Fiction, Drama, Fantasy",901
"Romance, Thriller",902
Science Fiction,903
"Science Fiction, Action",904
"Science Fiction, Action, Adventure",905
"Science Fiction, Action, Adventure, Comedy",906
"Science Fiction, Action, Adventure, Comedy, Family",907
"Science Fiction, Action, Adventure, Thriller",908
"Science Fiction, Action, Crime, TV Movie",909
"Science Fiction, Action, Drama, Thriller",910
"Science Fiction, Action, Horror, Thriller",911
"Science Fiction, Action, Mystery",912
"Science Fiction, Action, Thriller",913
"Science Fiction, Action, Thriller, Adventure",914
"Science Fiction, Action, War",915
"Science Fiction, Adventure",916
"Science Fiction, Adventure, Action",917
"Science Fiction, Adventure, Action, Thriller",918
"Science Fiction, Adventure, Drama, Action",919
"Science Fiction, Adventure, Family, Fantasy",920
"Science Fiction, Adventure, Fantasy",921
"Science Fiction, Adventure, Fantasy, Action, Comedy",922
"Science Fiction, Adventure, Mystery",923
"Science Fiction, Adventure, Thriller",924
"Science Fiction, Comedy, Adventure",925
"Science Fiction, Comedy, Crime",926
"Science Fiction, Comedy, Drama",927
"Science Fiction, Comedy, Family",928
"Science Fiction, Drama",929
"Science Fiction, Drama, Romance",930
"Science Fiction, Drama, Romance, Fantasy",931
"Science Fiction, Drama, Thriller",932
"Science Fiction, Family, Comedy, Animation",933
"Science Fiction, Fantasy, Action",934
"Science Fiction, Horror",935
"Science Fiction, Horror, Action",936
"Science Fiction, Horror, Mystery",937
"Science Fiction, Mystery, Adventure",938
"Science Fiction, Mystery, Thriller",939
"Science Fiction, Mystery, Thriller, Action",940
"Science Fiction, Thriller",941
"Science Fiction, Thriller, Comedy",942
"Science Fiction, Thriller, Drama",943
"Science Fiction, Thriller, Horror",944
"Science Fiction, Thriller, Mystery",945
"Science Fiction, Thriller, Mystery, Action, Adventure",946
"Science Fiction, Thriller, Romance",947
"TV Movie, Family, Comedy, Music",948
Thriller,949
"Thriller, Action",950
"Thriller, Action, Adventure, Comedy, Crime",951
"Thriller, Action, Adventure, Science Fiction",952
"Thriller, Action, Comedy, Science Fiction",953
"Thriller, Action, Crime",954
"Thriller, Action, Crime, Drama",955
"Thriller, Action, Drama",956
"Thriller, Action, Drama, Crime",957
"Thriller, Action, Drama, Music, Romance",958
"Thriller, Action, Drama, Science Fiction",959
"Thriller, Action, Fantasy",960
"Thriller, Action, Horror, Adventure",961
"Thriller, Action, Mystery",962
"Thriller, Action, Romance, Science Fiction, Adventure",963
"Thriller, Action, Science Fiction",964
"Thriller, Adventure, Action",965
"Thriller, Adventure, Fantasy, Science Fiction, Romance",966
"Thriller, Crime",967
"Thriller, Crime, Action",968
"Thriller, Crime, Drama",969
"Thriller, Crime, Drama, Action",970
"Thriller, Crime, Drama, Horror",971
"Thriller, Crime, Drama, Mystery",972
"Thriller, Crime, Horror",973
"Thriller, Crime, Mystery",974
"Thriller, Crime, Mystery, Drama",975
"Thriller, Crime, Romance",976
"Thriller, Drama",977
"Thriller, Drama, Action",978
"Thriller, Drama, Adventure, Action, History",979
"Thriller, Drama, Crime",980
"Thriller, Drama, Crime, History",981
"Thriller, Drama, History",982
"Thriller, Drama, Horror",983
"Thriller, Drama, Mystery",984
"Thriller, Drama, Mystery, Crime",985
"Thriller, Drama, Mystery, Romance",986
"Thriller, Drama, Mystery, Science Fiction",987
"Thriller, Drama, Romance",988
"Thriller, Drama, Science Fiction",989
"Thriller, Fantasy",990
"Thriller, Fantasy, Action, Comedy",991
"Thriller, Fantasy, Comedy, Family, Mystery",992
"Thriller, History",993
"Thriller, History, Drama",994
"Thriller, History, Drama, Action",995
"Thriller, Horror",996
"Thriller, Horror, Action",997
"Thriller, Horror, Action, Fantasy",998
"Thriller, Horror, Comedy",999
"Thriller, Horror, Drama",1000
"Thriller, Horror, Drama, Mystery",1001
"Thriller, Horror, Mystery",1002
"Thriller, Horror, Science Fiction",1003
"Thriller, Mystery",1004
"Thriller, Mystery, Adventure",1005
"Thriller, Mystery, Drama",1006
"Thriller, Mystery, Drama, Science Fiction, Fantasy",1007
"Thriller, Mystery, Horror",1008
"Thriller, Mystery, Horror, Fantasy",1009
"Thriller, Mystery, Science Fiction",1010
"Thriller, Romance",1011
"Thriller, Romance, Adventure",1012
"Thriller, Science Fiction",1013
"Thriller, Science Fiction, Action",1014
"Thriller, Science Fiction, Action, Adventure",1015
"Thriller, Science Fiction, Action, Crime",1016
"Thriller, Science Fiction, Drama",1017
"Thriller, Science Fiction, Drama, Horror",1018
"Thriller, Science Fiction, Drama, Mystery",1019
"Thriller, Science Fiction, Horror",1020
"Thriller, Science Fiction, Mystery",1021
"Thriller, Science Fiction, Mystery, Romance",1022
"War, Action",1023
"War, Action, Adventure, Drama, Thriller",1024
"War, Action, Drama",1025
"War, Action, Drama, History",1026
"War, Action, History, Drama",1027
"War, Drama",1028
"War, Drama, Action",1029
"War, Drama, Action, History",1030
"War, Drama, Action, Thriller",1031
"War, Drama, History",1032
"War, Drama, History, Action",1033
"War, Drama, Romance",1034
"War, History, Action, Adventure, Drama, Romance",1035
"War, History, Drama",1036
Western,1037
"Western, Action",1038
"Western, Action, Adventure",1039
"Western, Action, Drama",1040
"Western, Action, Thriller",1041
"Western, Adventure, Action",1042
"Western, Animation, Adventure, Comedy, Family, Drama",1043
"Western, Comedy",1044
"Western, Crime, Action, Adventure",1045
"Western, Crime, Drama, Thriller",1046
"Western, Drama",1047
"Western, Drama, Action, Adventure",1048
"Western, Drama, Adventure",1049
"Western, Drama, Crime",1050
"Western, Drama, History",1051
"Western, Drama, Mystery",1052
